{
    "type": "object",
    "properties": {
        "categoryContext": {
            "type": "object",
            "properties": {
                "name": {
                    "type": "string"
                },
                "urlKey": {
                    "type": "string"
                },
                "urlPath": {
                    "type": "string"
                }
            },
            "required": [
                "name",
                "urlKey",
                "urlPath"
            ]
        }
    }
}