{
    "type": "object",
    "properties": {
        "event": {
            "type": "string",
            "const": "recs-item-click"
        },
        "eventInfo": {
            "type": "object",
            "properties": {
                "unitId": {
                    "type": "string"
                },
                "productId": {
                    "type": "number"
                }
            },
            "required": [
                "unitId",
                "productId"
            ]
        }
    },
    "required": [
        "event",
        "eventInfo"
    ]
}